district,elevation_m,slope_deg
Pauri_Garhwal,1431.5894150178647,24.501541596011077
Chamoli,2490.3851289511185,34.68879309732903
Almora,1437.2262491518536,19.79695486702459
Nainital,1781.4014802593751,26.993773903756985
